Dalgona coffee (café fouetté);https://www.marmiton.org/recettes/recette_dalgona-cafe_392418.aspx
Vin de kumquats;https://www.marmiton.org/recettes/recette_vin-de-kumquats_50365.aspx
Chocolat au lait crémeux;https://www.marmiton.org/recettes/recette_chocolat-au-lait-cremeux_14136.aspx
Liqueur 44;https://www.marmiton.org/recettes/recette_liqueur-44_13644.aspx
Liqueur de prunes;https://www.marmiton.org/recettes/recette_liqueur-de-prunes_19486.aspx
Detox Water fraise concombre;https://www.marmiton.org/recettes/recette_detox-water-fraise-concombre_344021.aspx
Smoothie rhubarbe nectarine;https://www.marmiton.org/recettes/recette_smoothie-rhubarbe-nectarine_534128.aspx
Kéfir de fruits;https://www.marmiton.org/recettes/recette_kefir-de-fruits_534260.aspx
Moscow Mule;https://www.marmiton.org/recettes/recette_moscow-mule_533226.aspx
Lait chaud au chocolat et épices de Noël;https://www.marmiton.org/recettes/recette_lait-chaud-au-chocolat-et-epices-de-noel_532446.aspx
Cocktail vert potion magique spécial Halloween;https://www.marmiton.org/recettes/recette_cocktail-special-halloween_531991.aspx
Milkshake Halloween;https://www.marmiton.org/recettes/recette_sang-frais-d-halloween-milk-shake-special-enfant_531941.aspx
Smoothie aux fruits;https://www.marmiton.org/recettes/recette_smoothie-aux-fruits_34628.aspx
Le vrai Chocolat chaud maison;https://www.marmiton.org/recettes/recette_le-vrai-chocolat-chaud-maison_164759.aspx
Limoncello (liqueur de citron);https://www.marmiton.org/recettes/recette_limoncello_12511.aspx
Vin chaud aux épices (Alsace);https://www.marmiton.org/recettes/recette_vin-chaud-aux-epices-alsace_12995.aspx
Bissap (Sénégal);https://www.marmiton.org/recettes/recette_bissap-senegal_13796.aspx
Irish coffee ( Irlande );https://www.marmiton.org/recettes/recette_irish-coffee-irlande_12137.aspx
Kéfir de fruit;https://www.marmiton.org/recettes/recette_kefir-de-fruit_383812.aspx
Kéfir de fruits (type limonade à l'ancienne);https://www.marmiton.org/recettes/recette_kefir-de-fruits-type-limonade-a-l-ancienne_92639.aspx
Thé à la menthe marocain;https://www.marmiton.org/recettes/recette_the-a-la-menthe-marocain_11146.aspx
Cappuccino;https://www.marmiton.org/recettes/recette_cappuccino_19650.aspx
Bubble tea;https://www.marmiton.org/recettes/recette_bubble-tea_345399.aspx
Thé glacé;https://www.marmiton.org/recettes/recette_the-glace_37303.aspx
Chocolat viennois;https://www.marmiton.org/recettes/recette_chocolat-viennois_22322.aspx
Smoothie à la banane et au miel;https://www.marmiton.org/recettes/recette_smoothie-a-la-banane-et-au-miel_48199.aspx
VIN de NOIX;https://www.marmiton.org/recettes/recette_vin-de-noix_27195.aspx
Kéfir de lait de ma grand-mère;https://www.marmiton.org/recettes/recette_kefir-de-lait-de-ma-grand-mere_38673.aspx
Café glacé facile et rapide;https://www.marmiton.org/recettes/recette_cafe-glace-facile-et-rapide_338299.aspx
Apéritif vin d'orange;https://www.marmiton.org/recettes/recette_aperitif-vin-d-orange_81190.aspx
Café Mocha;https://www.marmiton.org/recettes/recette_cafe-mocha_232553.aspx
Lait d'or;https://www.marmiton.org/recettes/recette_lait-d-or_371473.aspx
Thé glacé (American iced tea);https://www.marmiton.org/recettes/recette_the-glace-american-iced-tea_309186.aspx
Jus de pruneaux;https://www.marmiton.org/recettes/recette_jus-de-pruneaux_371818.aspx
Café noisette;https://www.marmiton.org/recettes/recette_cafe-noisette_60727.aspx
Jus de betterave;https://www.marmiton.org/recettes/recette_jus-de-betterave_371795.aspx
Café frappé (café glacé grec);https://www.marmiton.org/recettes/recette_cafe-frappe-cafe-glace-grec_24820.aspx
Chaï - thé indien (Inde du Sud);https://www.marmiton.org/recettes/recette_chai-the-indien-inde-du-sud_21963.aspx
Detox water au citron;https://www.marmiton.org/recettes/recette_detox-water-au-citron_338704.aspx
Café turc;https://www.marmiton.org/recettes/recette_cafe-turc_48768.aspx
Kombucha maison au citron et au gingembre;https://www.marmiton.org/recettes/recette_kombucha-maison-au-citron-et-gingembre_392656.aspx
Smoothie aux fruits rouges;https://www.marmiton.org/recettes/recette_smoothie-aux-fruits-rouges_336343.aspx
Vin de rhubarbe traditionnel;https://www.marmiton.org/recettes/recette_vin-de-rhubarbe-traditionnel_17143.aspx
Milk-shake au chocolat;https://www.marmiton.org/recettes/recette_milkshake-au-chocolat_530523.aspx
Kéfir à l'eau;https://www.marmiton.org/recettes/recette_kefir-a-l-eau_27837.aspx
Thé glacé infusion à froid;https://www.marmiton.org/recettes/recette_the-glace-infusion-a-froid_305461.aspx
Tchaï / Chaï (thé indien);https://www.marmiton.org/recettes/recette_tchai-chai-the-indien_16612.aspx
Liqueur de café;https://www.marmiton.org/recettes/recette_liqueur-de-cafe_15532.aspx
Liqueur de verveine;https://www.marmiton.org/recettes/recette_liqueur-de-verveine_16182.aspx
Limoncello (Italie);https://www.marmiton.org/recettes/recette_limoncello-italie_15277.aspx
Liqueur de fruits;https://www.marmiton.org/recettes/recette_liqueur-de-fruits_43060.aspx
Liqueur d'orange maison;https://www.marmiton.org/recettes/recette_cointreau-maison_34899.aspx
Thé pakistanais;https://www.marmiton.org/recettes/recette_the-pakistanais_58356.aspx
Pacharan (liqueur de prunelle de Navarre);https://www.marmiton.org/recettes/recette_pacharan-liqueur-de-prunelle-de-navarre_42571.aspx
Espresso Martini;https://www.marmiton.org/recettes/recette_espresso-martini_534155.aspx
Liqueur de menthe;https://www.marmiton.org/recettes/recette_liqueur-de-menthe_24239.aspx
Smoothie au kiwi;https://www.marmiton.org/recettes/recette_smoothie-au-kiwi_61128.aspx
Liqueur de myrte  et  vin de myrthe;https://www.marmiton.org/recettes/recette_liqueur-de-myrte-et-vin-de-myrthe_32584.aspx
Nuage de café;https://www.marmiton.org/recettes/recette_nuage-de-cafe_28795.aspx
Liqueur de cerise;https://www.marmiton.org/recettes/recette_liqueur-de-cerise_214911.aspx
Café aux épices;https://www.marmiton.org/recettes/recette_cafe-aux-epices_58943.aspx
Liqueur 44 (orange café);https://www.marmiton.org/recettes/recette_liqueur-44-orange-cafe_25636.aspx
Café blanc;https://www.marmiton.org/recettes/recette_cafe-blanc_39999.aspx
Liqueur de Génépi;https://www.marmiton.org/recettes/recette_liqueur-de-genepi_47403.aspx
Infusion curcuma citron;https://www.marmiton.org/recettes/recette_infusion-curcuma-citron_392571.aspx
Vin de pêche;https://www.marmiton.org/recettes/recette_vin-de-peche_13311.aspx
Café latte frappé;https://www.marmiton.org/recettes/recette_cafe-latte-frappe_49234.aspx
Smoothie kiwi - banane;https://www.marmiton.org/recettes/recette_smoothie-kiwi-banane_85812.aspx
Smoothie detox;https://www.marmiton.org/recettes/recette_smoothie-detox_383876.aspx
Smoothie pomme-miel;https://www.marmiton.org/recettes/recette_smoothie-pomme-miel_165615.aspx
Ciocolatta  / chocolat chaud épais (Italie);https://www.marmiton.org/recettes/recette_ciocolatta-chocolat-chaud-epais-italie_17482.aspx
Vin d'épine;https://www.marmiton.org/recettes/recette_vin-d-epine_22539.aspx
Bailey's coffee;https://www.marmiton.org/recettes/recette_bailey-s-coffee_55664.aspx
Chocolat chaud créole (par une cuisinière martiniquaise);https://www.marmiton.org/recettes/recette_chocolat-chaud-creole-par-une-cuisiniere-martiniquaise_14128.aspx
Chocolat chaud au chocolat en poudre;https://www.marmiton.org/recettes/recette_chocolat-chaud-au-chocolat-en-poudre_27658.aspx
Vin de feuilles de pêcher ou de cerisier;https://www.marmiton.org/recettes/recette_vin-de-feuilles-de-pecher-ou-de-cerisier_19423.aspx
Smoothie aux Framboises;https://www.marmiton.org/recettes/recette_smoothie-aux-framboises_354900.aspx
Smoothie ananas, banane, coco;https://www.marmiton.org/recettes/recette_smoothie-ananas-banane-coco_315408.aspx
Liqueur de framboises;https://www.marmiton.org/recettes/recette_liqueur-de-framboises_39300.aspx
Ice coffee;https://www.marmiton.org/recettes/recette_ice-coffee_62930.aspx
Liqueur de prunelles;https://www.marmiton.org/recettes/recette_liqueur-de-prunelles_62595.aspx
Liqueur de cassis;https://www.marmiton.org/recettes/recette_liqueur-de-cassis_16762.aspx
Karkadé (Egypte);https://www.marmiton.org/recettes/recette_karkade-egypte_14389.aspx
Chocolat chaud espagnol;https://www.marmiton.org/recettes/recette_chocolat-chaud-espagnol_222003.aspx
Smoothie mangue;https://www.marmiton.org/recettes/recette_smoothie-mangue_328232.aspx
Karkadé de fleurs d'hibiscus (Egypte);https://www.marmiton.org/recettes/recette_karkade-fleurs-hibiscus-egypte_12729.aspx
Smoothie vert kiwi épinard banane;https://www.marmiton.org/recettes/recette_smoothie-vert-kiwi-epinard-banane_224655.aspx
Eau rafraichissante à la menthe;https://www.marmiton.org/recettes/recette_eau-rafraichissante-a-la-menthe_170051.aspx
Smoothie pomme banane coco vanille;https://www.marmiton.org/recettes/recette_smoothie-pomme-banane-coco-vanille_318895.aspx
Vin chaud sans alcool (spécial marché de Noël !);https://www.marmiton.org/recettes/recette_vin-chaud-sans-alcool-special-marche-de-noel_165527.aspx
Chocolat frappé facile;https://www.marmiton.org/recettes/recette_frappe-au-chocolat_311161.aspx
Punch de Noël;https://www.marmiton.org/recettes/recette_punch-de-noel_379254.aspx
Liqueur de mirabelles;https://www.marmiton.org/recettes/recette_liqueur-de-mirabelles_52479.aspx
Liqueur 44;https://www.marmiton.org/recettes/recette_liqueur-44_13644.aspx
Thé glacé à la pêche;https://www.marmiton.org/recettes/recette_the-glace-a-la-peche_325678.aspx
Liqueur de roses;https://www.marmiton.org/recettes/recette_liqueur-de-roses_12960.aspx
Liqueur de Noix à l'eau de vie.;https://www.marmiton.org/recettes/recette_liqueur-de-noix-a-l-eau-de-vie_14247.aspx
Prunes à l'eau de vie;https://www.marmiton.org/recettes/recette_prunes-a-l-eau-de-vie_18593.aspx
Vin de cerises;https://www.marmiton.org/recettes/recette_vin-de-cerises_17098.aspx
Dalgona coffee (café fouetté);https://www.marmiton.org/recettes/recette_dalgona-cafe_392418.aspx
Jus de bissap;https://www.marmiton.org/recettes/recette_jus-de-bissap_51124.aspx
Smoothie ultra-simple banane-framboise;https://www.marmiton.org/recettes/recette_smoothie-ultra-simple-banane-framboise_63970.aspx
Chocolat chaud aux guimauves;https://www.marmiton.org/recettes/recette_chocolat-chaud-aux-guimauves_50740.aspx
Smoothie aux fruits et fromage blanc (protéiné);https://www.marmiton.org/recettes/recette_smoothie-aux-fruits-et-fromage-blanc-proteine_80904.aspx
Crème de Limoncello de la Zia Fiorella;https://www.marmiton.org/recettes/recette_creme-de-limoncello-de-la-zia-fiorella_229996.aspx
Sirop de café;https://www.marmiton.org/recettes/recette_sirop-de-cafe_16428.aspx
Liqueur d'oeuf ou 'avocat';https://www.marmiton.org/recettes/recette_liqueur-d-oeuf-ou-avocat_20223.aspx
Recette smoothie Kiwi, Pomme.;https://www.marmiton.org/recettes/recette_recette-smoothie-kiwi-pomme_350137.aspx
Liqueur à la mûre;https://www.marmiton.org/recettes/recette_liqueur-a-la-mure_21084.aspx
Smoothie tropical (mangue-banane);https://www.marmiton.org/recettes/recette_smoothie-tropical-mangue-banane_229684.aspx
Limoncello;https://www.marmiton.org/recettes/recette_limoncello_14829.aspx
Liqueur de châtaignes;https://www.marmiton.org/recettes/recette_liqueur-de-chataignes_39299.aspx
Smoothie bowl avocat banane;https://www.marmiton.org/recettes/recette_smoothie-bowl-avocat-banane_382734.aspx
Cafe creme au chocolat;https://www.marmiton.org/recettes/recette_cafe-creme-au-chocolat_20905.aspx
Smoothie vitaminé du petit-déjeuner;https://www.marmiton.org/recettes/recette_smoothie-vitamine-du-petit-dejeuner_72591.aspx
Schrubb  (liqueur d'orange ou de mandarine);https://www.marmiton.org/recettes/recette_schrubb-liqueur-d-orange-ou-de-mandarine_25680.aspx
Liqueur au chocolat;https://www.marmiton.org/recettes/recette_liqueur-au-chocolat_38981.aspx
Liqueur de fraise;https://www.marmiton.org/recettes/recette_liqueur-de-fraise_39054.aspx
Liqueur des Bronzés;https://www.marmiton.org/recettes/recette_liqueur-des-bronzes_44704.aspx
Cocktail aux framboises;https://www.marmiton.org/recettes/recette_cocktail-aux-framboise_63672.aspx
Sirop de bissap (fleurs d'hibiscus);https://www.marmiton.org/recettes/recette_sirop-de-bissap-fleurs-d-hibiscus_337264.aspx
Vin de pissenlit;https://www.marmiton.org/recettes/recette_vin-de-pissenlit_16554.aspx
Golden milk;https://www.marmiton.org/recettes/recette_golden-milk_383838.aspx
Smoothie au lait de coco;https://www.marmiton.org/recettes/recette_smoothie-au-lait-de-coco_44427.aspx
Milkshake au Thermomix;https://www.marmiton.org/recettes/recette_milkshake-au-thermomix_382556.aspx
Liqueur de prunes;https://www.marmiton.org/recettes/recette_liqueur-de-prunes_19486.aspx
Thé de Noël;https://www.marmiton.org/recettes/recette_the-de-noel_334287.aspx
Smoothie aux myrtilles;https://www.marmiton.org/recettes/recette_smoothie-aux-myrtilles_175138.aspx
Cocktail vert potion magique spécial Halloween;https://www.marmiton.org/recettes/recette_cocktail-special-halloween_531991.aspx
Cocktail de framboises au vin rosé;https://www.marmiton.org/recettes/recette_cocktail-de-framboises-au-vin-rose_88355.aspx
Vin de framboises rosé;https://www.marmiton.org/recettes/recette_vin-de-framboises-rose_58547.aspx
Smoothie au kiwi et à la banane;https://www.marmiton.org/recettes/recette_smoothie-au-kiwi-et-a-la-banane_305221.aspx
Smoothie de légumes glacé;https://www.marmiton.org/recettes/recette_smoothie-de-legumes-glace_48340.aspx
Chocolat chaud du Père Noël;https://www.marmiton.org/recettes/recette_chocolat-chaud-du-pere-noel_85004.aspx
Thé glacé à la menthe;https://www.marmiton.org/recettes/recette_the-glace-a-la-menthe-fraiche_17237.aspx
Smoothie banane et lait d'avoine;https://www.marmiton.org/recettes/recette_smoothie-banane-et-lait-d-avoine_310850.aspx
Thé à la pêche et au citron;https://www.marmiton.org/recettes/recette_the-a-la-peche-et-au-citron_311710.aspx
Chocolat chaud au rhum;https://www.marmiton.org/recettes/recette_chocolat-chaud-au-rhum_82376.aspx
Smoothie Banane Chocolat;https://www.marmiton.org/recettes/recette_smoothie-banane-chocolat_72513.aspx
Thé au thym;https://www.marmiton.org/recettes/recette_the-au-thym_80244.aspx
Thé Masala;https://www.marmiton.org/recettes/recette_the-masala_40642.aspx
Liqueur de coing;https://www.marmiton.org/recettes/recette_liqueur-de-coing_53239.aspx
Le chocolat chaud à l'ancienne, de ma mamie!;https://www.marmiton.org/recettes/recette_le-chocolat-chaud-a-l-ancienne-de-ma-mamie_80223.aspx
Smoothie kiwi banane fraises;https://www.marmiton.org/recettes/recette_smoothie-kiwi-banane-fraises_337347.aspx
Cocktail à l’ouzo (Grèce);https://www.marmiton.org/recettes/recette_cocktail-a-l-ouzo-grece_531089.aspx
Smoothie banane-orange;https://www.marmiton.org/recettes/recette_smoothie-banane-orange_217261.aspx
Liqueur aux plantes médicinales;https://www.marmiton.org/recettes/recette_liqueur-aux-plantes-medicinales_232028.aspx
Chocolat au lait by Cyrielle;https://www.marmiton.org/recettes/recette_chocolat-au-lait-by-cyrielle_48573.aspx
Chocolat chaud aux épices;https://www.marmiton.org/recettes/recette_chocolat-chaud-aux-epices_29647.aspx
Café pare balles (bulletproof coffee);https://www.marmiton.org/recettes/recette_cafe-pare-balles-bulletproof-coffee_342704.aspx
Liqueur de genièvre maison;https://www.marmiton.org/recettes/recette_liqueur-de-genievre-maison_65766.aspx
Vin de groseilles;https://www.marmiton.org/recettes/recette_vin-de-groseilles_22994.aspx
Lait d'avoine express;https://www.marmiton.org/recettes/recette_lait-d-avoine-express_528522.aspx
Liqueur de bourgeons de sapin;https://www.marmiton.org/recettes/recette_liqueur-de-bourgeons-de-sapin_30247.aspx
Punch d'Halloween sans alcool;https://www.marmiton.org/recettes/recette_punch-d-halloween-sans-alccol_534541.aspx
Chocolat chaud onctueux;https://www.marmiton.org/recettes/recette_chocolat-chaud-onctueux_27046.aspx
Liqueur de noyaux d'abricots;https://www.marmiton.org/recettes/recette_liqueur-de-noyaux-d-abricots_40366.aspx
Smoothie poires & bananes;https://www.marmiton.org/recettes/recette_smoothie-poires-bananes_331223.aspx
Caffe shakerato (café glacé);https://www.marmiton.org/recettes/recette_caffe-shakerato-cafe-glace_25402.aspx
Smoothie Light à la Banane et à l'Avoine;https://www.marmiton.org/recettes/recette_smoothie-light-a-la-banane-et-a-l-avoine_372330.aspx
Jus de pastèque ultra rafraichissant;https://www.marmiton.org/recettes/recette_jus-de-pasteque-ultra-rafraichissant_338334.aspx
Café Frappé;https://www.marmiton.org/recettes/recette_cafe-frappe_23997.aspx
Green smoothie énergétique;https://www.marmiton.org/recettes/recette_green-smoothie-energetique_224200.aspx
Moon milk;https://www.marmiton.org/recettes/recette_moon-milk_392190.aspx
Lait de poule à l'Américaine;https://www.marmiton.org/recettes/recette_lait-de-poule-a-l-americaine_13336.aspx
Chocolat chaud martiniquais à la cannelle et au citron vert;https://www.marmiton.org/recettes/recette_chocolat-de-premiere-communion-martiniquais_228326.aspx
Limoncello de Sicile;https://www.marmiton.org/recettes/recette_limoncello-de-sicile_73419.aspx
Dalgona matcha vegan (au lait de coco);https://www.marmiton.org/recettes/recette_dalgona-matcha-vegan-au-lait-de-coco_527819.aspx
Café valdotain ou café de l'amitié;https://www.marmiton.org/recettes/recette_cafe-valdotain-ou-cafe-de-l-amitie_20423.aspx
Cappuccino véritable;https://www.marmiton.org/recettes/recette_cappuccino-veritable_41473.aspx
Liqueur de Pruneaux de Mamiette;https://www.marmiton.org/recettes/recette_liqueur-de-pruneaux-de-mamiette_51561.aspx
Smoothie pastèque pomme;https://www.marmiton.org/recettes/recette_smoothie-pasteque-pomme_348134.aspx
Vin chaud aux épices au Thermomix;https://www.marmiton.org/recettes/recette_vin-chaud-aux-epices-au-thermomix_382902.aspx
Caribbean Mule simplifié;https://www.marmiton.org/recettes/recette_caribbean-mule_533792.aspx
Smoothie framboise-nectarine;https://www.marmiton.org/recettes/recette_smoothie-framboise-nectarine_73122.aspx
Vin de cerise;https://www.marmiton.org/recettes/recette_vin-de-cerise_12576.aspx
Milk shake café-vanille;https://www.marmiton.org/recettes/recette_milk-shake-cafe-vanille_310423.aspx
Smoothie Poire Passe-Crassane;https://www.marmiton.org/recettes/recette_smoothie-poire-passe-crassane_171061.aspx
Café mousseux (cafetière italienne);https://www.marmiton.org/recettes/recette_cafe-mousseux-cafetiere-italienne_29789.aspx
Chocolat chaud fouetté;https://www.marmiton.org/recettes/recette_chocolat-chaud-fouette_73390.aspx
Liqueur de gingembre;https://www.marmiton.org/recettes/recette_liqueur-de-gingembre_66006.aspx
Smoothie poire-miel;https://www.marmiton.org/recettes/recette_smoothie-poire-miel_165617.aspx
Café au Baileys Light et sa mousse légère à l’amande;https://www.marmiton.org/recettes/recette_cafe-au-baileys-light-et-sa-mousse-legere-a-l-amande_533540.aspx
Liqueur d'estragon;https://www.marmiton.org/recettes/recette_liqueur-d-estragon_22449.aspx
Smoothie aux oranges;https://www.marmiton.org/recettes/recette_smoothie-aux-oranges_49830.aspx
Smoothie facile;https://www.marmiton.org/recettes/recette_smoothie-facile_166892.aspx
Smoothie Mango Tango;https://www.marmiton.org/recettes/recette_smoothie-mango-tango_309781.aspx
Smoothie vitaminé carotte-orange-banane;https://www.marmiton.org/recettes/recette_smoothie-vitamine_330245.aspx
Thé djiboutien;https://www.marmiton.org/recettes/recette_the-djiboutien_310064.aspx
Coca à l'hibiscus;https://www.marmiton.org/recettes/recette_coca-a-l-hibiscus_44658.aspx
Liqueur d'angélique;https://www.marmiton.org/recettes/recette_liqueur-d-angelique_39810.aspx
Liqueur d'angélique facile;https://www.marmiton.org/recettes/recette_liqueur-d-angelique-facile_12706.aspx
Smoothie banane orange et yaourt;https://www.marmiton.org/recettes/recette_smoothie-banane-orange_232586.aspx
Un smoothie simple et excellent, cerise, banane, passion;https://www.marmiton.org/recettes/recette_un-smoothie-simple-et-excellent-cerise-banane-passion_309740.aspx
Limoncello (alcool);https://www.marmiton.org/recettes/recette_limoncello_23691.aspx
Chocolat chaud à la cannelle;https://www.marmiton.org/recettes/recette_chocolat-chaud-a-la-cannelle_36141.aspx
Smoothie aux fruits (orange, kiwi, banane...);https://www.marmiton.org/recettes/recette_smoothie-aux-fruits-orange-kiwi-banane_69618.aspx
Thé vert glacé au pamplemousse;https://www.marmiton.org/recettes/recette_the-vert-glace-au-pamplemousse_344707.aspx
Boisson à la menthe;https://www.marmiton.org/recettes/recette_boisson-a-la-menthe_530522.aspx
Chocolat chaud au lait d'amande;https://www.marmiton.org/recettes/recette_chocolat-chaud-au-lait-d-amande_344426.aspx
Smoothie Pomme Poire Céréales;https://www.marmiton.org/recettes/recette_smoothie-pomme-poire-cereales_71935.aspx
Vin d'orange maison;https://www.marmiton.org/recettes/recette_vin-d-orange-maison_11969.aspx
Milkshake au Monsieur Cuisine;https://www.marmiton.org/recettes/recette_milkshake-au-monsieur-cuisine_383737.aspx
Smoothie estival concombre + banane + citron + pomme;https://www.marmiton.org/recettes/recette_smoothie-estival-concombre-banane-citron-pomme_345584.aspx
Smoothie Framboise Orange;https://www.marmiton.org/recettes/recette_smoothie-framboise-orange_339672.aspx
Vin de pêche de la mère anne;https://www.marmiton.org/recettes/recette_vin-de-peche-de-la-mere-anne_35246.aspx
Green smoothie / smoothie vert vitaminé;https://www.marmiton.org/recettes/recette_green-smoothie-smoothie-vert-vitamine_224203.aspx
Green Smoothie d’hiver;https://www.marmiton.org/recettes/recette_green-smoothie-d-hiver_391667.aspx
Liqueur de Lait;https://www.marmiton.org/recettes/recette_liqueur-de-lait_11308.aspx
Smoothie au yaourt et aux fruits;https://www.marmiton.org/recettes/recette_smoothie-au-yaourt-et-aux-fruits_59443.aspx
Thé à la menthe;https://www.marmiton.org/recettes/recette_the-a-la-menthe_11168.aspx
Café glacé;https://www.marmiton.org/recettes/recette_cafe-glace_49856.aspx
Café frappé à l'orgeat;https://www.marmiton.org/recettes/recette_cafe-frappe-a-l-orgeat_56657.aspx
Lait d'avoine maison facile;https://www.marmiton.org/recettes/recette_lait-d-avoine-maison-facile_372367.aspx
Smoothie aux carottes et gingembre;https://www.marmiton.org/recettes/recette_smoothie-aux-carottes-et-gingembre_80082.aspx
Liqueur à la cannelle;https://www.marmiton.org/recettes/recette_liqueur-a-la-cannelle_57867.aspx
Smoothie nectarine;https://www.marmiton.org/recettes/recette_smoothie-nectarine_73852.aspx
Smoothie banane & cacahuètes;https://www.marmiton.org/recettes/recette_smoothie-banane-cacahuetes_309999.aspx
Chocolat au lait crémeux;https://www.marmiton.org/recettes/recette_chocolat-au-lait-cremeux_14136.aspx
Smoothie orange-citron avec yaourt au sucre de canne;https://www.marmiton.org/recettes/recette_smoothie-orange-citron-avec-yaourt-au-sucre-de-canne_83175.aspx
Liqueur de basilic;https://www.marmiton.org/recettes/recette_liqueur-de-basilic_13633.aspx
Vin de rhubarbe;https://www.marmiton.org/recettes/recette_vin-de-rhubarbe_10765.aspx
Cappuccino frappé à la vanille;https://www.marmiton.org/recettes/recette_frappuccino-a-la-vanille_323333.aspx
Smoothie Jus d'orange / Abricot;https://www.marmiton.org/recettes/recette_smoothie-jus-d-orange-abricot_338248.aspx
Boisson orange et grandine;https://www.marmiton.org/recettes/recette_boisson-orange-grenadine_530544.aspx
Punch à l'eau de vie;https://www.marmiton.org/recettes/recette_punch-a-l-eau-de-vie_72676.aspx
Smoothie aux prunes;https://www.marmiton.org/recettes/recette_smoothie-aux-prunes_170986.aspx
Thé au rhum;https://www.marmiton.org/recettes/recette_the-au-rhum_174881.aspx
Umeshu : liqueur de prunes;https://www.marmiton.org/recettes/recette_umeshu-liqueur-de-prunes_338505.aspx
Liqueur de myrtilles;https://www.marmiton.org/recettes/recette_liqueur-de-myrtilles_32790.aspx
Smoothie tomate, menthe, citron;https://www.marmiton.org/recettes/recette_smoothie-tomate-menthe-citron_217814.aspx
Thé tchaï;https://www.marmiton.org/recettes/recette_the-tchae_91522.aspx
Thé vert glacé à la pêche;https://www.marmiton.org/recettes/recette_the-vert-glace-a-la-peche_339382.aspx
Vin de kumquats;https://www.marmiton.org/recettes/recette_vin-de-kumquats_50365.aspx
Cocktail au limoncello;https://www.marmiton.org/recettes/recette_cocktail-au-limoncello_53648.aspx
Rhum arrangé ananas passion;https://www.marmiton.org/recettes/recette_rhum-arrange-ananas-passion_392376.aspx
Smoothie aux fruits et petit gervais;https://www.marmiton.org/recettes/recette_smoothie-aux-fruits-et-petit-gervais_73672.aspx
Smoothie framboise citron kiwi;https://www.marmiton.org/recettes/recette_smoothie-framboise-citron-kiwi_170730.aspx
Smoothie fraise rhubarbe;https://www.marmiton.org/recettes/recette_smoothie-fraise-rhubarbe_71716.aspx
Smoothie pomme-citron;https://www.marmiton.org/recettes/recette_smoothie-pomme-citron_340081.aspx
Smoothie végétalien;https://www.marmiton.org/recettes/recette_smoothie-vegetalien_315376.aspx
Boisson à l'hibiscus ou fleur de Jamaique;https://www.marmiton.org/recettes/recette_boisson-a-l-hibiscus-ou-fleur-de-jamaique_12703.aspx
Chocolat chaud à la créole;https://www.marmiton.org/recettes/recette_chocolat-chaud-a-la-creole_11117.aspx
Thé oriental à la cardamome;https://www.marmiton.org/recettes/recette_the-oriental-a-la-cardamome_72144.aspx
Smoothie carotte sucré salé épicé;https://www.marmiton.org/recettes/recette_smoothie-carotte-sucre-sale-epice_112813.aspx
Smoothie pomme banane gingembre;https://www.marmiton.org/recettes/recette_smoothie-pomme-banane-gingembre_330547.aspx
Grand Marnier au café (digestif);https://www.marmiton.org/recettes/recette_grand-marnier-au-cafe-digestif_13301.aspx
Kephyr au citrons et levures;https://www.marmiton.org/recettes/recette_kephyr-au-citrons-et-levures_13579.aspx
Italian coffee à la vodka;https://www.marmiton.org/recettes/recette_italian-coffee-a-la-vodka_321716.aspx
Smoothie fraîcheur pomme banane framboise;https://www.marmiton.org/recettes/recette_smoothie-fraicheur-pomme-banane-framboise_224760.aspx
Smoothie bowl fruit du dragon et framboises;https://www.marmiton.org/recettes/recette_smoothie-bowl-fruit-du-dragon-et-framboises_392659.aspx
Liqueur des Indiens;https://www.marmiton.org/recettes/recette_liqueur-des-indiens_11309.aspx
Smoothie bicolore avec morceaux de fruits;https://www.marmiton.org/recettes/recette_smoothie-bicolore-avec-morceaux-de-fruits_345664.aspx
Smoothie Mangue Kiwi Banane;https://www.marmiton.org/recettes/recette_smoothie-mangue-kiwi-banane_68473.aspx
Vin d'orange amer;https://www.marmiton.org/recettes/recette_vin-d-orange-amer_15768.aspx
Smoothie coco;https://www.marmiton.org/recettes/recette_smoothie-coco_218320.aspx
Thé glacé citron framboise;https://www.marmiton.org/recettes/recette_the-glace-citron-framboise_62833.aspx
Café à la valdotaine;https://www.marmiton.org/recettes/recette_cafe-a-la-valdotaine_19617.aspx
Cocktail sans alcool - Jus pétillant de pomme à l'hibiscus;https://www.marmiton.org/recettes/recette_cocktail-sans-alcool-jus-petillant-de-pomme-a-l-hibiscus_222061.aspx
Smoothie aux mûres et à la banane;https://www.marmiton.org/recettes/recette_smoothie-aux-mures-et-a-la-banane_61833.aspx
Thé à la menthe facile;https://www.marmiton.org/recettes/recette_the-a-la-menthe-facile_11160.aspx
Finochietto (liqueur au fenouil sauvage);https://www.marmiton.org/recettes/recette_finochietto-liqueur-au-fenouil-sauvage_31081.aspx
Képhyr;https://www.marmiton.org/recettes/recette_kephyr_16374.aspx
Le chocolat créole de belle-maman;https://www.marmiton.org/recettes/recette_le-chocolat-creole-de-belle-maman_41859.aspx
Smoothie café-banane;https://www.marmiton.org/recettes/recette_smoothie-cafe_211493.aspx
Chocolat blanc à la cannelle;https://www.marmiton.org/recettes/recette_chocolat-blanc-a-la-cannelle_53776.aspx
Milkshake vanille-nutella;https://www.marmiton.org/recettes/recette_milkshake-vanille-nutella_391472.aspx
Véritable chocolat chaud de grand-mère;https://www.marmiton.org/recettes/recette_veritable-chocolat-chaud-de-grand-mere_72781.aspx
Vin chaud aux épices;https://www.marmiton.org/recettes/recette_vin-chaud-aux-epices_25224.aspx
Chocolatl - boisson tonique au chocolat;https://www.marmiton.org/recettes/recette_chocolatl-boisson-tonique-au-chocolat_30759.aspx
Réconfort chocolat;https://www.marmiton.org/recettes/recette_reconfort-chocolat_72407.aspx
Smoothie exotique du paradis;https://www.marmiton.org/recettes/recette_smoothie-du-paradis_171863.aspx
Chocolat Chaud miel vanille;https://www.marmiton.org/recettes/recette_chocolat-chaud-miel-vanille_65332.aspx
Glaçons aromatisés: framboises, fraises, myrtilles, menthe, basilic;https://www.marmiton.org/recettes/recette_glacons-aromatises-aux-fruits-pour-l-ete_392617.aspx
Liqueur d'orange maison (alcool);https://www.marmiton.org/recettes/recette_cointreau-maison-alcool_80429.aspx
Sirop de thé;https://www.marmiton.org/recettes/recette_sirop-de-the_16429.aspx
Smoothie Violet (Banane, Cassis et Soja);https://www.marmiton.org/recettes/recette_smoothie-violet-banane-cassis-et-soja_72818.aspx
Vin d'oranges amères rouge;https://www.marmiton.org/recettes/recette_vin-d-oranges-ameres-rouge_21968.aspx
Cocktail au chocolat;https://www.marmiton.org/recettes/recette_cocktail-au-chocolat_20942.aspx
Cocktail noix de coco-café;https://www.marmiton.org/recettes/recette_cocktail-noix-de-coco-cafe_83218.aspx
Mojito à la bière;https://www.marmiton.org/recettes/recette_mojito-a-la-biere_531180.aspx
Prunelles à l'eau de vie;https://www.marmiton.org/recettes/recette_prunelles-a-l-eau-de-vie_25924.aspx
Smoothie des îles Canaries;https://www.marmiton.org/recettes/recette_smoothie-des-iles-canaries_68952.aspx
Smoothie whisky-pêche;https://www.marmiton.org/recettes/recette_smoothie-whisky-peche_166064.aspx
Vin de fraises;https://www.marmiton.org/recettes/recette_vin-de-fraises_11104.aspx
Limoncello (alcool de citron);https://www.marmiton.org/recettes/recette_limoncello-alcool-de-citron_18465.aspx
Liqueur bleue à la violette;https://www.marmiton.org/recettes/recette_liqueur-bleue-a-la-violette_20544.aspx
Liqueur de cassis (vin rouge);https://www.marmiton.org/recettes/recette_liqueur-de-cassis_11883.aspx
Liqueur de noyaux (abricots et pêches);https://www.marmiton.org/recettes/recette_liqueur-de-noyaux_39702.aspx
Planteur des îles;https://www.marmiton.org/recettes/recette_planteur-des-iles_533793.aspx
Punch au thé;https://www.marmiton.org/recettes/recette_punch-au-the_41079.aspx
Smoothie à la banane;https://www.marmiton.org/recettes/recette_smoothie-a-la-banane_73192.aspx
Smoothie Amelia au rhum;https://www.marmiton.org/recettes/recette_smoothie-amelia_221403.aspx
Thé berbère;https://www.marmiton.org/recettes/recette_the-berbere_25886.aspx
Thé vert au gingembre d'Oman;https://www.marmiton.org/recettes/recette_the-vert-au-gingembre-d-oman_315495.aspx
Lait chaud au chocolat et épices de Noël;https://www.marmiton.org/recettes/recette_lait-chaud-au-chocolat-et-epices-de-noel_532446.aspx
Liqueur de chataignes;https://www.marmiton.org/recettes/recette_liqueur-de-chataignes_13668.aspx
Smoothie Pêche Abricot Orange;https://www.marmiton.org/recettes/recette_smoothie-peche-abricot-orange_338207.aspx
Limonade au pamplemousse et grenadine;https://www.marmiton.org/recettes/recette_limonade-au-pamplemousse-et-grenadine_530526.aspx
Liqueur des iles;https://www.marmiton.org/recettes/recette_liqueur-des-iles_56235.aspx
Milkshake au Companion;https://www.marmiton.org/recettes/recette_milkshake-au-companion_383735.aspx
Smoothie banane mangue passion;https://www.marmiton.org/recettes/recette_smoothie-banane-mangue-pasion_228743.aspx
Smoothie pêches pamplemousse verveine;https://www.marmiton.org/recettes/recette_smoothie-peches-pamplemousse-verveine_359687.aspx
Smoothie pétillant aux fruits rouges;https://www.marmiton.org/recettes/recette_smoothie-petillant-aux-fruits-rouges_337301.aspx
Smoothie rapide et frais pour l'été;https://www.marmiton.org/recettes/recette_smoothie-rapide-et-frais-pour-l-ete_345302.aspx
Thé glacé aromatisé;https://www.marmiton.org/recettes/recette_the-glace-aromatise_39080.aspx
Vin d'oranges de la Grive;https://www.marmiton.org/recettes/recette_vin-d-oranges-de-la-grive_50856.aspx
Vin de noix à l'ancienne;https://www.marmiton.org/recettes/recette_vin-de-noix-a-l-ancienne_72453.aspx
Bloody Mary facile pour Halloween;https://www.marmiton.org/recettes/recette_bloody-mary-facile_531087.aspx
Café frappé charentais;https://www.marmiton.org/recettes/recette_cafe-frappe-charentais_38622.aspx
Liqueur de verveine maison;https://www.marmiton.org/recettes/recette_liqueur-de-verveine-maison_335193.aspx
Smoothie aux fruits exotiques;https://www.marmiton.org/recettes/recette_smoothie-aux-fruits-exotiques_173809.aspx
Smoothie bowl de printemps;https://www.marmiton.org/recettes/recette_smoothie-bowl-de-printemps_528287.aspx
Vin chaud aux épices au Cookeo;https://www.marmiton.org/recettes/recette_vin-chaud-aux-epices-au-cookeo_382897.aspx
Milk shake chocolat vanille;https://www.marmiton.org/recettes/recette_milk-shake-chocolat-vanille_40321.aspx
Cocktail Bilitis (au Karkadé ou fleur d'hibiscus);https://www.marmiton.org/recettes/recette_cocktail-bilitis-au-karkade-ou-fleur-d-hibiscus_52159.aspx
Liqueur chocolat et vanille;https://www.marmiton.org/recettes/recette_liqueur-chocolat-et-vanille_54212.aspx
Liqueur de coccinelle;https://www.marmiton.org/recettes/recette_liqueur-de-coccinelle_49376.aspx
Vin d'orange blanc;https://www.marmiton.org/recettes/recette_vin-d-orange-blanc_19470.aspx
Chocolat chaud à la noix de coco;https://www.marmiton.org/recettes/recette_chocolat-chaud-a-la-noix-de-coco_36060.aspx
Chocolat chaud au caramel;https://www.marmiton.org/recettes/recette_chocolat-chaud-au-caramel_38789.aspx
Cocktail café au lait;https://www.marmiton.org/recettes/recette_cocktail-cafe-au-lait_45809.aspx
Liqueur d'écorces d'oranges;https://www.marmiton.org/recettes/recette_liqueur-d-ecorces-d-oranges_392318.aspx
Liqueur de genièvre;https://www.marmiton.org/recettes/recette_liqueur-de-genievre_12970.aspx
Liqueur de laurier;https://www.marmiton.org/recettes/recette_liqueur-de-laurier_32463.aspx
Liqueur de roses maison;https://www.marmiton.org/recettes/recette_liqueur-de-roses-maison_12693.aspx
Milk Shake pêche/framboise;https://www.marmiton.org/recettes/recette_milk-shake-peche-framboise_80414.aspx
Mon smoothie énergie du goûter;https://www.marmiton.org/recettes/recette_mon-smoothie-energie-du-gouter_81445.aspx
Smoothie à la papaye;https://www.marmiton.org/recettes/recette_smoothie-a-la-papaye_65235.aspx
Smoothie multifruit aux épices;https://www.marmiton.org/recettes/recette_smoothie-multifruit-aux-epices_69756.aspx
Smoothie pomme/mangue;https://www.marmiton.org/recettes/recette_smoothie-pomme-mangue_168664.aspx
Smoothie vert (au kiwi);https://www.marmiton.org/recettes/recette_smoothie-vert-au-kiwi_222767.aspx
Cappuccino de chocolat;https://www.marmiton.org/recettes/recette_cappuccino-de-chocolat_91227.aspx
Liqueur de fleur;https://www.marmiton.org/recettes/recette_liqueur-de-fleur_84758.aspx
Smoothie bloody water;https://www.marmiton.org/recettes/recette_smoothie-bloody-water_93277.aspx
Smoothie framboise orgeat (presque milk-shake);https://www.marmiton.org/recettes/recette_smoothie-framboise-orgeat-presque-milk-shake_71712.aspx
Smoothie orange mangue;https://www.marmiton.org/recettes/recette_smoothie-orange-mangue_166911.aspx
Thé de gingembre ou à l'oignon (Inde);https://www.marmiton.org/recettes/recette_the-de-gingembre-ou-a-l-oignon-inde_17320.aspx
Liqueur de citronnelle;https://www.marmiton.org/recettes/recette_liqueur-de-citronnelle_62347.aspx
Cocktail Gaïa du BB Blanche par Adele Depetris;https://www.marmiton.org/recettes/recette_cocktail-gaia_392610.aspx
Liqueur de rose (2);https://www.marmiton.org/recettes/recette_liqueur-de-rose-2_70853.aspx
Thé moelleux à la vanille et au sirop d'érable;https://www.marmiton.org/recettes/recette_the-moelleux-a-la-vanille-et-au-sirop-d-erable_67754.aspx
Café Cointreau;https://www.marmiton.org/recettes/recette_cafe-cointreau_43172.aspx
Smoothie de concombre et coco;https://www.marmiton.org/recettes/recette_smoothie-de-concombre-et-coco_86688.aspx
Tchai (sans thé);https://www.marmiton.org/recettes/recette_tchai-sans-the_15980.aspx
Chocolat chaud à la vanille;https://www.marmiton.org/recettes/recette_chocolat-chaud-a-la-vanille_315796.aspx
Cocktail red dragon Halloween;https://www.marmiton.org/recettes/recette_cocktail-red-dragon_534536.aspx
Délice de café glacé à la vanille;https://www.marmiton.org/recettes/recette_delice-de-cafe-glace-a-la-vanille_49384.aspx
Liqueur de génépi;https://www.marmiton.org/recettes/recette_liqueur-de-genepi_47660.aspx
Smoothie Kiwi Banane Amélioré;https://www.marmiton.org/recettes/recette_smoothie-kiwi-banane-ameliore_86881.aspx
Smoothie poire fraise;https://www.marmiton.org/recettes/recette_smoothie-poire-fraise_528163.aspx
Smoothie vanillé poire banane pêche;https://www.marmiton.org/recettes/recette_smoothie-vanille-poire-banane-peche_339858.aspx
Vin chaud au gewürztraminer;https://www.marmiton.org/recettes/recette_vin-chaud-au-gewurztraminer_43411.aspx
Vin chaud aux épices d'Anne-Laure;https://www.marmiton.org/recettes/recette_vin-chaud-aux-epices-d-anne-laure_85433.aspx
Liqueur de Lait aux Carambars façon Clochette;https://www.marmiton.org/recettes/recette_liqueur-de-lait-aux-carambars-facon-clochette_35344.aspx
Cocktail Halloween;https://www.marmiton.org/recettes/recette_cocktail-halloween_531859.aspx
Ice Tea // Thé glacé;https://www.marmiton.org/recettes/recette_ice-tea-the-glace_372752.aspx
Liqueur de lait aux fraises tagada;https://www.marmiton.org/recettes/recette_liqueur-de-lait-aux-fraises-tagada_37097.aspx
Milkshake banana split;https://www.marmiton.org/recettes/recette_milkshake-banana-split_528319.aspx
Smoothie (USA);https://www.marmiton.org/recettes/recette_smoothie-usa_14953.aspx
Smoothie ananas passion coco;https://www.marmiton.org/recettes/recette_smoothie-ananas-passion-coco_342871.aspx
Milk-shake yaourt chocolat;https://www.marmiton.org/recettes/recette_milk-shake-yaourt-chocolat_50994.aspx
Vin d'oranges amères;https://www.marmiton.org/recettes/recette_vin-d-oranges-ameres_11970.aspx
Smoothie vite fait bien fait;https://www.marmiton.org/recettes/recette_smoothie-vite-fait-bien-fait_86934.aspx
Vin de noix;https://www.marmiton.org/recettes/recette_vin-de-noix_11386.aspx
Smoothie banane praliné;https://www.marmiton.org/recettes/recette_smoothie-banane-praline_61087.aspx
Smoothie djam;https://www.marmiton.org/recettes/recette_smoothie-djam_61693.aspx
Thé glacé tout bête;https://www.marmiton.org/recettes/recette_the-glace-tout-bete_57885.aspx
Smoothie aux mûres;https://www.marmiton.org/recettes/recette_smoothie-aux-mures_93276.aspx
Smoothie fraise-menthe;https://www.marmiton.org/recettes/recette_smoothie-fraise-menthe_212490.aspx
Vin de fenouil;https://www.marmiton.org/recettes/recette_vin-de-fenouil_83104.aspx
Vrai chocolat chaud;https://www.marmiton.org/recettes/recette_vrai-chocolat-chaud_72769.aspx
Chocolat chaud épais aux éclats de coco;https://www.marmiton.org/recettes/recette_chocolat-chaud-epais-aux-eclats-de-coco_71437.aspx
Chocolat frais;https://www.marmiton.org/recettes/recette_chocolat-frais_39571.aspx
Filtre d'amour au chocolat;https://www.marmiton.org/recettes/recette_filtre-d-amour-au-chocolat_83204.aspx
Latte di limone (Limoncello);https://www.marmiton.org/recettes/recette_latte-di-limone-limoncello_18693.aspx
Liqueur de coriandre;https://www.marmiton.org/recettes/recette_liqueur-de-coriandre_95378.aspx
Liqueur de fleurs d'oranger;https://www.marmiton.org/recettes/recette_liqueur-de-fleurs-d-oranger_11314.aspx
Margarita au café;https://www.marmiton.org/recettes/recette_margarita-au-cafe_534156.aspx
Milkshake au Cooking Chef;https://www.marmiton.org/recettes/recette_milkshake-au-cooking-chef_383736.aspx
Rainbow smoothie;https://www.marmiton.org/recettes/recette_rainbow-smoothie_345352.aspx
Smoothie "good morning" aux fruits rouges et feuilles vertes;https://www.marmiton.org/recettes/recette_smoothie-good-morning-aux-fruits-rouges-et-feuilles-vertes_314182.aspx
Smoothie à la fraise;https://www.marmiton.org/recettes/recette_smoothie-a-la-fraise_309780.aspx
Smoothie rapide aux fruits exotiques;https://www.marmiton.org/recettes/recette_smoothie-rapide-aux-fruits-exotiques_88197.aspx
Summer smoothie;https://www.marmiton.org/recettes/recette_summer-smoothie_334297.aspx
Thé au cumin à la lituanienne;https://www.marmiton.org/recettes/recette_the-au-cumin-a-la-lituanienne_55013.aspx
Vin d'orange;https://www.marmiton.org/recettes/recette_vin-d-orange_30955.aspx
Vin de noix de Grenoble;https://www.marmiton.org/recettes/recette_vin-de-noix-de-grenoble_14425.aspx
Vin de pissenlit maison;https://www.marmiton.org/recettes/recette_vin-de-pissenlit-maison_11092.aspx
Vin chaud aux épices au Monsieur Cuisine;https://www.marmiton.org/recettes/recette_vin-chaud-aux-epices-au-monsieur-cuisine_382901.aspx
Vin de noix vanillé;https://www.marmiton.org/recettes/recette_vin-de-noix-vanille_216939.aspx
Cerises à l'eau de vie de James;https://www.marmiton.org/recettes/recette_cerises-a-l-eau-de-vie_49185.aspx
Eau de vie à la cerise;https://www.marmiton.org/recettes/recette_eau-de-vie-a-la-cerise_11918.aspx
Le képhyr et ses secrets;https://www.marmiton.org/recettes/recette_le-kephyr-et-ses-secrets_13514.aspx
Liqueur de cassis à l'eau de vie;https://www.marmiton.org/recettes/recette_liqueur-de-cassis-eau-de-vie_11101.aspx
Liqueur de lait;https://www.marmiton.org/recettes/recette_liqueur-de-lait_211620.aspx
Ma liqueur de menthe;https://www.marmiton.org/recettes/recette_ma-liqueur-de-menthe_80871.aspx
Milk-shake banane et chocolat;https://www.marmiton.org/recettes/recette_milk-shake-banane-et-chocolat_31575.aspx
Milkshake pêche-banane vegan;https://www.marmiton.org/recettes/recette_milkshake-peche-banane-vegan_359685.aspx
Smoothie aux fruits rouges de Jonas;https://www.marmiton.org/recettes/recette_smoothie-aux-fruits-rouges_166065.aspx
Smoothie banane mangue;https://www.marmiton.org/recettes/recette_smoothie-banane-mangue_336308.aspx
Smoothie exotique;https://www.marmiton.org/recettes/recette_smoothie-exotique_343649.aspx
Smoothie fruits et céréales;https://www.marmiton.org/recettes/recette_smoothie-fruits-et-cereales_67018.aspx
Smoothie rapide kiwi banane mangue;https://www.marmiton.org/recettes/recette_smoothie-rapide-kiwi-banane-mangue_166070.aspx
Thé à la menthe et miel;https://www.marmiton.org/recettes/recette_the-a-la-menthe-et-miel_336845.aspx
Thé glacé menthe pêche;https://www.marmiton.org/recettes/recette_the-glace-menthe-peche_40067.aspx
Vin de framboise;https://www.marmiton.org/recettes/recette_vin-de-framboise_17075.aspx
Vin de groseille;https://www.marmiton.org/recettes/recette_vin-de-groseille_12977.aspx
Vin de noix de Jeannot;https://www.marmiton.org/recettes/recette_vin-de-noix-de-jeannot_325197.aspx
Café frappé au chocolat;https://www.marmiton.org/recettes/recette_cafe-frappe-au-chocolat_50195.aspx
Café glacé très simple pour réception;https://www.marmiton.org/recettes/recette_cafe-glace-tres-simple-pour-reception_93740.aspx
Café Valdotain;https://www.marmiton.org/recettes/recette_cafe-valdotain_21564.aspx
Caribbean Mule épicé;https://www.marmiton.org/recettes/recette_caribbean-mule_533791.aspx
Cocktail d'Halloween orange et fraise;https://www.marmiton.org/recettes/recette_cocktail-monstrueux-d-halloween_531776.aspx
Cocktail monstrueux d'Halloween;https://www.marmiton.org/recettes/recette_cocktail-monstrueux-d-halloween_531872.aspx
Comment faire un café turc;https://www.marmiton.org/recettes/recette_comment-faire-un-cafe-turc_48053.aspx
Detox Water fraise concombre;https://www.marmiton.org/recettes/recette_detox-water-fraise-concombre_344021.aspx
Frappé au café brasseur;https://www.marmiton.org/recettes/recette_frappe-au-cafe-brasseur_345192.aspx
Grog au thé;https://www.marmiton.org/recettes/recette_grog-au-the_42705.aspx
Karsk (Norvège);https://www.marmiton.org/recettes/recette_karsk-norvege_531088.aspx
Kéfir de fruits;https://www.marmiton.org/recettes/recette_kefir-de-fruits_534260.aspx
Liqueur avec des noix vertes;https://www.marmiton.org/recettes/recette_liqueur-avec-des-noix-vertes_164899.aspx
Liqueur d'arquebuse;https://www.marmiton.org/recettes/recette_liqueur-d-arquebuse_51101.aspx
Liqueur de Mémé;https://www.marmiton.org/recettes/recette_liqueur-de-meme_67773.aspx
Liqueur de noyaux;https://www.marmiton.org/recettes/recette_liqueur-de-noyaux_12547.aspx
Milk shake à l'orgeat;https://www.marmiton.org/recettes/recette_milk-shake-a-l-orgeat_30993.aspx
Milk shake merveilleux au chocolat;https://www.marmiton.org/recettes/recette_milk-shake-merveilleux-au-chocolat_39135.aspx
Milk-shake aux framboises;https://www.marmiton.org/recettes/recette_milk-shake-aux-framboises_530524.aspx
Milk-shake chocolat, vanille, banane;https://www.marmiton.org/recettes/recette_milk-shake-chocolat-vanille-banane_55910.aspx
Milkshake au Cookeo;https://www.marmiton.org/recettes/recette_milkshake-au-cookeo_383734.aspx
Milkshake Halloween;https://www.marmiton.org/recettes/recette_sang-frais-d-halloween-milk-shake-special-enfant_531941.aspx
Mocktail framboise passion menthe;https://www.marmiton.org/recettes/recette_mocktail-framboise-passion-menthe_350207.aspx
Mon smoothie à San Francisco;https://www.marmiton.org/recettes/recette_mon-smoothie-a-san-francisco_33770.aspx
Smoothie à la menthe;https://www.marmiton.org/recettes/recette_smoothie-a-la-menthe_59682.aspx
Smoothie abricot-brugnon;https://www.marmiton.org/recettes/recette_smoothie-abricot-brugnon_228663.aspx
Smoothie acidulé;https://www.marmiton.org/recettes/recette_smoothie-acidule_50791.aspx
Smoothie ananas et pêche blanche;https://www.marmiton.org/recettes/recette_smoothie-ananas-et-peche-blanche_328292.aspx
Smoothie bananapple;https://www.marmiton.org/recettes/recette_smoothie-bananapple_84545.aspx
Smoothie Banane Cassis;https://www.marmiton.org/recettes/recette_smoothie-banane-cassis_73070.aspx
Smoothie crème de Pêches;https://www.marmiton.org/recettes/recette_smoothie-creme-de-peches_73278.aspx
Smoothie de courgette lait de cocoriandre;https://www.marmiton.org/recettes/recette_smoothie-de-courgette-lait-de-cocoriandre_335606.aspx
Smoothie de kiwi vitaminé;https://www.marmiton.org/recettes/recette_smoothie-de-kiwi-vitamine_342605.aspx
Smoothie frais et vitaminé;https://www.marmiton.org/recettes/recette_smoothie-frais-et-vitamine_57360.aspx
Smoothie fraise et cerise;https://www.marmiton.org/recettes/recette_smoothie-fraise-et-cerise_227634.aspx
Smoothie fraise-abricot;https://www.marmiton.org/recettes/recette_smoothie-fraise-abricot_70776.aspx
Smoothies framboise et chocolat;https://www.marmiton.org/recettes/recette_smoothies-framboise-et-chocolat_72359.aspx
Thé;https://www.marmiton.org/recettes/recette_the_80599.aspx
Thé à la menthe à l'ivoirienne;https://www.marmiton.org/recettes/recette_the-a-la-menthe-a-l-ivoirienne_39425.aspx
Thé à la menthe à ma façon;https://www.marmiton.org/recettes/recette_the-a-la-menthe-a-ma-facon_166205.aspx
Thé glacé à la pêche;https://www.marmiton.org/recettes/recette_the-glace-a-la-peche_16886.aspx
Thé glacé épicé;https://www.marmiton.org/recettes/recette_the-glace-epice_55516.aspx
Thé glacé rafraîchissant;https://www.marmiton.org/recettes/recette_the-glace-rafraichissant_39236.aspx
Vin chaud Alsacien;https://www.marmiton.org/recettes/recette_vin-chaud-alsacien_342645.aspx
Vin chaud aux épices au Companion;https://www.marmiton.org/recettes/recette_vin-chaud-aux-epices-au-companion_382899.aspx
Vin chaud aux épices au Cooking Chef;https://www.marmiton.org/recettes/recette_vin-chaud-aux-epices-au-cooking-chef_382900.aspx
Vin d'abricots;https://www.marmiton.org/recettes/recette_vin-d-abricots_212209.aspx
Vin d'orange facile;https://www.marmiton.org/recettes/recette_vin-d-orange-facile_229509.aspx
Vin de framboises;https://www.marmiton.org/recettes/recette_vin-de-framboises_12790.aspx
Vin de mandarines;https://www.marmiton.org/recettes/recette_vin-de-mandarines_27170.aspx
Vin de noix aux épices;https://www.marmiton.org/recettes/recette_vin-de-noix-aux-epices_20861.aspx
Vin de Noix d'Elvire;https://www.marmiton.org/recettes/recette_vin-de-noix-d-elvire_41415.aspx
Vin de noix maison;https://www.marmiton.org/recettes/recette_vin-de-noix-maison_27622.aspx
Vin rouge à la framboise;https://www.marmiton.org/recettes/recette_vin-rouge-a-la-framboise_24180.aspx
White smoothie rafraîchissant;https://www.marmiton.org/recettes/recette_white-smoothie-rafraichissant_62261.aspx
Abracadashake;https://www.marmiton.org/recettes/recette_abracadashake_530486.aspx
Café blanc de Kalamoun;https://www.marmiton.org/recettes/recette_cafe-blanc-de-kalamoun_58109.aspx
Café Nola;https://www.marmiton.org/recettes/recette_cafe-nola_46264.aspx
Cappuccino à l'irlandaise;https://www.marmiton.org/recettes/recette_cappuccino-a-l-irlandaise_169200.aspx
Chocolat caratéla;https://www.marmiton.org/recettes/recette_chocolat-caratela_92680.aspx
Chocolat chaud à l'espagnole;https://www.marmiton.org/recettes/recette_chocolat-chaud-a-l-espagnole_24020.aspx
Chocolat viennois de mon coeur;https://www.marmiton.org/recettes/recette_chocolat-viennois-de-mon-coeur_83926.aspx
Cocktail "South Coast Leaf" par Ludovic Riou;https://www.marmiton.org/recettes/recette_cocktail-south-coast-leaf-par-ludovic-riou_392586.aspx
Liqueur d'estragon;https://www.marmiton.org/recettes/recette_comment-faire-liqueur-d-estragon_22897.aspx
Vin d'abricots de Valérie;https://www.marmiton.org/recettes/recette_vin-d-abricots_18110.aspx
Café turc traditionnel aux épices;https://www.marmiton.org/recettes/recette_cafe-turc-traditionnel-aux-epices_538256.aspx
Cocktail sans alcool "Super-Turbo-Flower";https://www.marmiton.org/recettes/recette_super-turbo-flower_534320.aspx
Granité poire-verveine;https://www.marmiton.org/recettes/recette_granite-poire-verveine_370928.aspx
Iceberg aux chocolat;https://www.marmiton.org/recettes/recette_iceberg-aux-chocolat_33550.aspx
Jungle Cola;https://www.marmiton.org/recettes/recette_jungle-cola_533794.aspx
Kaliblanco;https://www.marmiton.org/recettes/recette_kaliblanco_535078.aspx
Kalimotxo;https://www.marmiton.org/recettes/recette_kalimotxo_535079.aspx
Le chocolat chaud qui tue;https://www.marmiton.org/recettes/recette_le-chocolat-chaud-qui-tue_38383.aspx
Le SaintMich;https://www.marmiton.org/recettes/recette_le-saintmich_534963.aspx
Le smoothie de l'amitié;https://www.marmiton.org/recettes/recette_le-smoothie-de-l-amitie_229581.aspx
Liqueur d'angélique;https://www.marmiton.org/recettes/recette_liqueur-d-angelique_14544.aspx
Liqueur d'oranges de Mamy;https://www.marmiton.org/recettes/recette_liqueur-d-oranges-de-mamy_167719.aspx
Liqueur de cardamome;https://www.marmiton.org/recettes/recette_liqueur-de-cardamome_175331.aspx
Milk-shake aux 4 fruits;https://www.marmiton.org/recettes/recette_milk-shake-aux-4-fruits_530525.aspx
Milk-shake Cappuccino;https://www.marmiton.org/recettes/recette_milk-shake-cappuccino_60673.aspx
Milkshake gourmand d’hiver;https://www.marmiton.org/recettes/recette_milkshake-gourmand-d-hiver_382992.aspx
Moscow Mule;https://www.marmiton.org/recettes/recette_moscow-mule_533226.aspx
Pop corn latte au miel « Boisson chaude » Lune de Miel®;https://www.marmiton.org/recettes/recette_pop-corn-latte-au-miel-boisson-chaude-lune-de-miel_536669.aspx
Sirop de citron facile;https://www.marmiton.org/recettes/recette_sirop-de-citron-facile_392221.aspx
Smoothie aux baies;https://www.marmiton.org/recettes/recette_smoothie-aux-baies_347547.aspx
Smoothie banane-framboise au lait de riz;https://www.marmiton.org/recettes/recette_smoothie-banane-framboise-au-lait-de-riz_335747.aspx
Smoothie Belle-Hélène;https://www.marmiton.org/recettes/recette_smoothie-belle-helene_85940.aspx
Smoothie bowl au Nutella et aux pommes;https://www.marmiton.org/recettes/recette_smoothie-bowl-au-nutella-et-aux-pommes_391530.aspx
Smoothie bowl aux épinards;https://www.marmiton.org/recettes/recette_smoothie-bowl-aux-epinards_347870.aspx
Smoothie de l'enfer;https://www.marmiton.org/recettes/recette_smoothie-de-l-enfer_81196.aspx
Smoothie estival;https://www.marmiton.org/recettes/recette_smoothie-estival_72725.aspx
Smoothie rhubarbe nectarine;https://www.marmiton.org/recettes/recette_smoothie-rhubarbe-nectarine_534128.aspx
Smoothie soleil liégeois;https://www.marmiton.org/recettes/recette_smoothie-soleil-liegeois_344730.aspx
Smoothie vert paléo;https://www.marmiton.org/recettes/recette_smoothie-vert-paleo_344218.aspx
Thé à l'indienne;https://www.marmiton.org/recettes/recette_the-a-l-indienne_60150.aspx
Thé glacé agrumes et menthe;https://www.marmiton.org/recettes/recette_the-glace-agrumes-et-menthe_228332.aspx
Thé glacé aux bleuets;https://www.marmiton.org/recettes/recette_the-glace-aux-bleuets_320940.aspx
Thé glacé girly;https://www.marmiton.org/recettes/recette_ice-tea-girly_218436.aspx
Thé glagla;https://www.marmiton.org/recettes/recette_the-glagla_92976.aspx
Thé indien;https://www.marmiton.org/recettes/recette_the-indien_60546.aspx
Un amour de smoothie ...;https://www.marmiton.org/recettes/recette_un-amour-de-smoothie_73600.aspx
Vin d'oranges et agrumes;https://www.marmiton.org/recettes/recette_vin-d-oranges-et-agrumes_164903.aspx